Workbook
Name Slicer_Attendance_Status: #N/A
Name Slicer_Gender: #N/A
Name Slicer_Subject: #N/A

Sheet Attendance
A1: Date | B1: Student_ID | C1: Student_Name | D1: Gender | E1: Course | F1: Subject | G1: Teacher | H1: Attendance_Status | I1: Attendance_Score | J1: Attendance_Mode | K1: Marks | L1: Assignment_Submitted | M1: Remarks
A2: 46113 | B2: ST101 | C2: Aarav Sharma | D2: Male | E2: BBA | F2: Accounts | G2: Meena Gupta | H2: Present | I2: =IF(H2="Present",1,IF(H2="Late",0.5,0)) -> 1 | J2: Offline | K2: 78 | L2: Yes | M2: Good Participation
A3: 46113 | B3: ST102 | C3: Riya Verma | D3: Female | E3: BBA | F3: Accounts | G3: Meena Gupta | H3: Absent | I3: =IF(H3="Present",1,IF(H3="Late",0.5,0)) -> 0 | J3: Offline | K3: 65 | L3: No | M3: Medical Leave
A4: 46113 | B4: ST103 | C4: Kabir Singh | D4: Male | E4: BBA | F4: Accounts | G4: Meena Gupta | H4: Late | I4: =IF(H4="Present",1,IF(H4="Late",0.5,0)) -> 0.5 | J4: Offline | K4: 72 | L4: Yes | M4: Late Arrival
A5: 46113 | B5: ST104 | C5: Ananya Jain | D5: Female | E5: BBA | F5: Accounts | G5: Meena Gupta | H5: Present | I5: =IF(H5="Present",1,IF(H5="Late",0.5,0)) -> 1 | J5: Offline | K5: 84 | L5: Yes | M5: Excellent
A6: 46114 | B6: ST101 | C6: Aarav Sharma | D6: Male | E6: BBA | F6: Economics | G6: Ravi Khanna | H6: Present | I6: =IF(H6="Present",1,IF(H6="Late",0.5,0)) -> 1 | J6: Online | K6: 82 | L6: Yes | M6: Active Student
A7: 46114 | B7: ST102 | C7: Riya Verma | D7: Female | E7: BBA | F7: Economics | G7: Ravi Khanna | H7: Present | I7: =IF(H7="Present",1,IF(H7="Late",0.5,0)) -> 1 | J7: Online | K7: 75 | L7: Yes | M7: Improved
A8: 46114 | B8: ST103 | C8: Kabir Singh | D8: Male | E8: BBA | F8: Economics | G8: Ravi Khanna | H8: Absent | I8: =IF(H8="Present",1,IF(H8="Late",0.5,0)) -> 0 | J8: Online | K8: 60 | L8: No | M8: Sick Leave
A9: 46114 | B9: ST104 | C9: Ananya Jain | D9: Female | E9: BBA | F9: Economics | G9: Ravi Khanna | H9: Present | I9: =IF(H9="Present",1,IF(H9="Late",0.5,0)) -> 1 | J9: Online | K9: 88 | L9: Yes | M9: Top Performer
A10: 46115 | B10: ST101 | C10: Aarav Sharma | D10: Male | E10: BBA | F10: Marketing | G10: Simran Kaur | H10: Late | I10: =IF(H10="Present",1,IF(H10="Late",0.5,0)) -> 0.5 | J10: Offline | K10: 74 | L10: Yes | M10: Traffic Delay
A11: 46115 | B11: ST102 | C11: Riya Verma | D11: Female | E11: BBA | F11: Marketing | G11: Simran Kaur | H11: Present | I11: =IF(H11="Present",1,IF(H11="Late",0.5,0)) -> 1 | J11: Offline | K11: 80 | L11: Yes | M11: Good
A12: 46115 | B12: ST103 | C12: Kabir Singh | D12: Male | E12: BBA | F12: Marketing | G12: Simran Kaur | H12: Present | I12: =IF(H12="Present",1,IF(H12="Late",0.5,0)) -> 1 | J12: Offline | K12: 83 | L12: Yes | M12: Interactive
A13: 46115 | B13: ST104 | C13: Ananya Jain | D13: Female | E13: BBA | F13: Marketing | G13: Simran Kaur | H13: Present | I13: =IF(H13="Present",1,IF(H13="Late",0.5,0)) -> 1 | J13: Offline | K13: 90 | L13: Yes | M13: Excellent
... A41: 46122 | B41: ST104 | C41: Ananya Jain | D41: Female | E41: BBA | F41: Business Law | G41: Neha Arora | H41: Present | I41: =IF(H41="Present",1,IF(H41="Late",0.5,0)) -> 1 | J41: Offline | K41: 94 | L41: Yes | M41: Outstanding

Sheet Summary
A1: Student_ID | B1: Student_Name | C1: Total Classes | D1: Attendance Score | E1: Attendance %
A2: ST101 | B2: =_xlfn.XLOOKUP(A2,AttendanceTable[Student_ID],AttendanceTable[Student_Name]) -> Aarav Sharma | C2: =COUNTIF(AttendanceTable[Student_ID],Summary!A2) -> 10 | D2: =SUMIF(AttendanceTable[Student_ID],A2, AttendanceTable[Attendance_Score]) -> 8 | E2: =D2/C2 -> 0.8
A3: ST102 | B3: =_xlfn.XLOOKUP(A3,AttendanceTable[Student_ID],AttendanceTable[Student_Name]) -> Riya Verma | C3: =COUNTIF(AttendanceTable[Student_ID],Summary!A3) -> 10 | D3: =SUMIF(AttendanceTable[Student_ID],A3, AttendanceTable[Attendance_Score]) -> 7 | E3: =D3/C3 -> 0.7
A4: ST103 | B4: =_xlfn.XLOOKUP(A4,AttendanceTable[Student_ID],AttendanceTable[Student_Name]) -> Kabir Singh | C4: =COUNTIF(AttendanceTable[Student_ID],Summary!A4) -> 10 | D4: =SUMIF(AttendanceTable[Student_ID],A4, AttendanceTable[Attendance_Score]) -> 7 | E4: =D4/C4 -> 0.7
A5: ST104 | B5: =_xlfn.XLOOKUP(A5,AttendanceTable[Student_ID],AttendanceTable[Student_Name]) -> Ananya Jain | C5: =COUNTIF(AttendanceTable[Student_ID],Summary!A5) -> 10 | D5: =SUMIF(AttendanceTable[Student_ID],A5, AttendanceTable[Attendance_Score]) -> 8.5 | E5: =D5/C5 -> 0.85

Sheet Dashboard Sheet
A1: STUDENT ATTENDANCE & PERFORMANCE DASHBOARD
A4: Total Students | C4: Average Attendance % | E4: Present Count | G4: Absent Count | I4: Average Marks
A5: =COUNTA(Summary!A:A)-1 -> 4 | C5: =AVERAGE(Summary!E:E) -> 0.7625 | E5: =COUNTIF(AttendanceTable[Attendance_Status],"Present") -> 27 | G5: =COUNTIF(AttendanceTable[Attendance_Status],"Absent") -> 6 | I5: =AVERAGE(AttendanceTable[Marks]) -> 79.25
A8: Subject | B8: Sum of Attendance_Score | C8: Average of Marks
A9: Accounts | B9: 5 | C9: 75.375
A10: Business Law | B10: 7 | C10: 82.625
A11: Economics | B11: 6 | C11: 78.875
A12: Marketing | B12: 7 | C12: 82.125
A13: Statistics | B13: 5.5 | C13: 77.25
A26: Prepared by Naman Gaur | Excel Analytics Project
